,Accuracy,Recall (Micro),Recall (Macro),Recall (Weighted),F1 Score (Micro),F1 Score (Macro),F1 Score (Weighted)
0,0.3255785478143749,0.3255785478143749,0.4325326124463625,0.3255785478143749,0.3255785478143749,0.2675853488171771,0.3430111728271368
