,Accuracy,Recall (Micro),Recall (Macro),Recall (Weighted),F1 Score (Micro),F1 Score (Macro),F1 Score (Weighted)
0,0.3823925554059018,0.3823925554059018,0.3060370828598705,0.3823925554059018,0.3823925554059018,0.26306853394910834,0.39241972982741324
