,Accuracy,Recall (Micro),Recall (Macro),Recall (Weighted),F1 Score (Micro),F1 Score (Macro),F1 Score (Weighted)
0,0.3712501530549773,0.3712501530549773,0.28672618471824907,0.3712501530549773,0.3712501530549773,0.2474731311466219,0.3828881430348856
