,Accuracy,Recall (Micro),Recall (Macro),Recall (Weighted),F1 Score (Micro),F1 Score (Macro),F1 Score (Weighted)
0,0.34467980898738826,0.34467980898738826,0.4947195746553977,0.34467980898738826,0.34467980898738826,0.30052786816347377,0.35925341657775195
