,Accuracy,Recall (Micro),Recall (Macro),Recall (Weighted),F1 Score (Micro),F1 Score (Macro),F1 Score (Weighted)
0,0.30243663523937797,0.30243663523937797,0.4385717744539834,0.30243663523937797,0.30243663523937797,0.26121560805134286,0.3125980900082892
