,image_number,defect_number,label,darker,gradient,reddish,metallic,colorful,black,black_thin,dominating_color,color_bin_1,color_bin_2,color_bin_3,color_bin_4,color_bin_5,color_bin_6,color_bin_7,color_bin_8,color_bin_9,color_entropy,rough,dominating_texture,texture_0,texture_1,texture_2,texture_3,texture_4,texture_5,texture_6,texture_7,texture_8,texture_9,rough_entropy,lengthy,number_lengthy_objects,lengthy_aspect_ratio,rel_length,in_shape,roundness,hu_moment_1,hu_moment_2,hu_moment_3,hu_moment_4,hu_moment_5,hu_moment_6,hu_moment_7
0,0000,0,Graffiti,0.18471971524485906,0.9806102005589571,6.747752155063344e-05,0.4064845898210159,0.11213077143676513,0.10025472764385364,0.48033873715818415,6,0.007439396750957337,0.009025118507397224,0.0047571652693196576,0.010340930177634575,0.03498709492400344,0.8241367094586616,0.1050962398151116,0.003508831120632939,0.0007085139762816511,0.9956234143473611,0.5167765987955263,4,0.027817608259248637,0.040537121071543045,0.05516287386764284,0.15663219689940788,0.3222220347846624,0.14433441859680493,0.05322289512306213,0.054623053695237775,0.04612088597985796,0.09932691172253243,2.900227644647121,0.11054504968032525,0,1.0,1.1149074135640489,0.9403667403296277,0.7531788860047639,0.5692722895671801,0.12123521213387033,0.07690849437176114,0.01219776505899527,-3.8982725794725895e-05,-0.004142583486880988,-0.0003715612282295342
1,0000,1,Graffiti,0.02335743227139112,0.9275547444806529,0.0,0.5054818463494081,0.08278382458091682,0.022165726543258917,0.24012870421863827,6,0.0019067291650115199,0.0786525780567252,0.050647493445618495,0.028720108047986016,0.05926749821244141,0.7245570827043776,0.054023993008659725,0.0017875585921982998,0.0004369587669818066,1.4978595948051527,0.035830618892508145,4,0.03451974259156272,0.04580122348454755,0.057321045523158816,0.14177325812346073,0.2889489155477874,0.1352188766187336,0.06903948518312544,0.0652260268531024,0.04719154683403511,0.11495987924048622,3.005052361403459,0.8532613013426551,2,2.9210648339458487,0.9753261398341453,0.6640581552395328,0.4647636801475167,1.029361219298504,0.9913029594106751,2.5767700624419794,2.3201566557956563,9.15775714804098,2.799024699550267,-0.1327180956490128
