,Accuracy,Recall (Micro),Recall (Macro),Recall (Weighted),F1 Score (Micro),F1 Score (Macro),F1 Score (Weighted)
0,0.3085588343332925,0.3085588343332925,0.30551920823920886,0.3085588343332925,0.3085588343332925,0.23253071036443726,0.3142879817663622
