,Accuracy,Recall (Micro),Recall (Macro),Recall (Weighted),F1 Score (Micro),F1 Score (Macro),F1 Score (Weighted)
0,0.32533365985061835,0.32533365985061835,0.5009755804167985,0.32533365985061835,0.32533365985061835,0.287610133624586,0.36098059655818737
