,Accuracy,Recall (Micro),Recall (Macro),Recall (Weighted),F1 Score (Micro),F1 Score (Macro),F1 Score (Weighted)
0,0.3616995224684707,0.3616995224684707,0.2843842430967857,0.3616995224684707,0.3616995224684707,0.24460022148057387,0.37330726727113345
