,Accuracy,Recall (Micro),Recall (Macro),Recall (Weighted),F1 Score (Micro),F1 Score (Macro),F1 Score (Weighted)
0,0.3368433941471777,0.3368433941471777,0.2622570000470822,0.3368433941471777,0.3368433941471777,0.22216486539876393,0.3445838010183909
