;Accuracy;Recall (Micro);Recall (Macro);Recall (Weighted);F1 Score (Micro);F1 Score (Macro);F1 Score (Weighted)
0;0.26766254438594345;0.26766254438594345;0.36311719589394736;0.26766254438594345;0.26766254438594345;0.2209085534158922;0.27765892888806776
