,Accuracy,Recall (Micro),Recall (Macro),Recall (Weighted),F1 Score (Micro),F1 Score (Macro),F1 Score (Weighted)
0,0.3932900697930697,0.3932900697930697,0.3033321933159041,0.3932900697930697,0.3932900697930697,0.2632747274521635,0.40350871136422223
