,Defect,Initial f1 score,Initial accuracy,Initial recall,Best dev f1_score,Dev accuracy,Dev recall,Best dev parameter list,Test accuracy,Test recall,Test f1
0,ExposedRebars,0.8149606299212598,0.8097165991902834,0.8380566801619433,0.8691756272401433,0.8612167300380228,0.886654478976234,"(3, 25, 50, 6, 2, 15, 25, 50, 6, -4, 20, 20, 100, 3, 12, 30, 10, 60)",0.7995951417004049,0.8380566801619433,0.8070175438596491
