,Defect,Initial f1 score,Initial accuracy,Initial recall,Best dev f1_score,Dev accuracy,Dev recall,Best dev parameter list,Test accuracy,Test recall,Test f1
<<<<<<< HEAD
0,Crack,0.7894736842105263,0.7796610169491526,0.826271186440678,0.8075356415478614,0.8003169572107766,0.8260416666666667,"(3, 25, 75, 18, -1, 15, 25, 50, 6, -4, 16, 20, 220, 9, 5, 30, 12, 60)",0.8040254237288136,0.8601694915254238,0.8144433299899699
=======
0,Crack,0.7894736842105263,0.7796610169491526,0.826271186440678,0.8075356415478615,0.8003169572107766,0.8260416666666667,"(3, 25, 75, 18, -1, 15, 25, 50, 6, -4, 16, 20, 220, 9, 5, 30, 12, 60)",0.8040254237288136,0.8601694915254238,0.8144433299899699
>>>>>>> f7e4c3ada2e7f98fb6d2a6666f06c99224fdc00d
