,Defect,Initial f1 score,Initial accuracy,Initial recall,Best dev f1_score,Dev accuracy,Dev recall,Best dev parameter list,Test accuracy,Test recall,Test f1
0,Wetspot,0.12486147026228296,0.7099302069303294,0.7752293577981652,0.8078175895765471,0.7956120092378753,0.8340807174887892,"(3, 25, 150, 6, 2, 15, 25, 75, 6, -4, 11, 20, 100, 3, 13, 30, 10, 80)",0.7257254805926289,0.7706422018348624,0.13043478260869565
