,Accuracy,Recall (Micro),Recall (Macro),Recall (Weighted),F1 Score (Micro),F1 Score (Macro),F1 Score (Weighted)
0,0.3579037590302437,0.3579037590302437,0.4854237318357869,0.3579037590302437,0.35790375903024374,0.30282862890355033,0.37620029773049635
