;Defect;Initial f1 score;Initial accuracy;Initial recall;Best dev f1_score;Dev accuracy;Dev recall;Best dev parameter list;Test accuracy;Test recall;Test f1
0;Rust;0.8111197713691868;0.8069569835369091;0.828996282527881;0.8108791903858317;0.8059197715175905;0.8292367399741267;(3, 125, 150, 9, 2, 5, 75, 75, 8, 2, 20, 3, 100, 5, 9, 30, 10, 60);0.8077535847052576;0.8359001593202336;0.8130165289256198
