;Accuracy;Recall (Micro);Recall (Macro);Recall (Weighted);F1 Score (Micro);F1 Score (Macro);F1 Score (Weighted)
0;0.35925064283090485;0.35925064283090485;0.5070746877121686;0.35925064283090485;0.3592506428309049;0.3120986332553489;0.37299694241937537
