,Accuracy,Recall (Micro),Recall (Macro),Recall (Weighted),F1 Score (Micro),F1 Score (Macro),F1 Score (Weighted)
0,0.3926778498836782,0.3926778498836782,0.3080508271131711,0.3926778498836782,0.3926778498836782,0.26519553234683396,0.40033455542595514
